category,PM2.5 1,PM2.5 2
2023-06-25T13:05:00.000Z,36.599998,37.400002
2023-06-25T13:06:00.000Z,37.599998,37.799999
2023-06-25T13:07:00.000Z,32.400002,33.799999
2023-06-25T13:08:00.000Z,33.599998,35.599998
2023-06-25T13:09:00.000Z,31.6,32.200001
2023-06-25T13:10:00.000Z,34,31
2023-06-25T13:11:00.000Z,36.599998,35.400002
2023-06-25T13:12:00.000Z,32.599998,32.799999
2023-06-25T13:13:00.000Z,32.599998,34.799999
2023-06-25T13:14:00.000Z,36.599998,34
2023-06-25T13:15:00.000Z,33.200001,35.400002
2023-06-25T13:16:00.000Z,34,35.400002
2023-06-25T13:17:00.000Z,35.599998,36.400002
2023-06-25T13:18:00.000Z,34,37
2023-06-25T13:19:00.000Z,40,38.400002
2023-06-25T13:20:00.000Z,40.599998,37.200001
2023-06-25T13:21:00.000Z,35.599998,38.599998
2023-06-25T13:22:00.000Z,39.400002,34.400002
2023-06-25T13:23:00.000Z,39.599998,42
2023-06-25T13:24:00.000Z,42.200001,42.599998
2023-06-25T13:25:00.000Z,38,38.599998
2023-06-25T13:26:00.000Z,37.200001,35
2023-06-25T13:27:00.000Z,38.799999,38.599998
2023-06-25T13:28:00.000Z,32.400002,30.200001
2023-06-25T13:29:00.000Z,37.200001,34.599998
2023-06-25T13:30:00.000Z,35,33.400002
2023-06-25T13:31:00.000Z,36,32
2023-06-25T13:32:00.000Z,36.400002,36
2023-06-25T13:33:00.000Z,33.799999,36.200001
2023-06-25T13:34:00.000Z,37.599998,39.200001
2023-06-25T13:35:00.000Z,37.799999,36.400002
2023-06-25T13:36:00.000Z,40.400002,35.799999
2023-06-25T13:37:00.000Z,36.200001,36
2023-06-25T13:38:00.000Z,37.200001,36.200001
2023-06-25T13:39:00.000Z,37.799999,35.799999
2023-06-25T13:40:00.000Z,34.200001,35.200001
2023-06-25T13:41:00.000Z,36.799999,35.799999
2023-06-25T13:42:00.000Z,41,36.200001
2023-06-25T13:43:00.000Z,38.799999,41
2023-06-25T13:44:00.000Z,39,40.400002
2023-06-25T13:45:00.000Z,41.400002,39.400002
2023-06-25T13:46:00.000Z,39.799999,40
2023-06-25T13:47:00.000Z,39,34.599998
2023-06-25T13:48:00.000Z,41.200001,43.799999
2023-06-25T13:49:00.000Z,42.200001,42.400002
2023-06-25T13:50:00.000Z,40.599998,41.599998
2023-06-25T13:51:00.000Z,43.200001,40.599998
2023-06-25T13:52:00.000Z,45.200001,39.400002
2023-06-25T13:53:00.000Z,42.599998,41.400002
2023-06-25T13:54:00.000Z,45,40.400002
2023-06-25T13:55:00.000Z,40.400002,38.799999
2023-06-25T13:56:00.000Z,44.200001,40.400002
2023-06-25T13:57:00.000Z,42.200001,43.200001
2023-06-25T13:58:00.000Z,43,41.599998
2023-06-25T13:59:00.000Z,39.400002,38.200001
2023-06-25T14:00:00.000Z,40.200001,42.200001
2023-06-25T14:01:00.000Z,40,42.599998
2023-06-25T14:02:00.000Z,43.599998,40.799999
2023-06-25T14:03:00.000Z,42.200001,43.200001
2023-06-25T14:04:00.000Z,36.200001,39.200001
2023-06-25T14:05:00.000Z,38.200001,42.400002
2023-06-25T14:06:00.000Z,40.799999,42
2023-06-25T14:07:00.000Z,41.200001,42.599998
2023-06-25T14:08:00.000Z,40.200001,42.400002
2023-06-25T14:09:00.000Z,39.200001,43.799999
2023-06-25T14:10:00.000Z,38.400002,35.799999
2023-06-25T14:11:00.000Z,40.400002,39.599998
2023-06-25T14:12:00.000Z,42.200001,36
2023-06-25T14:13:00.000Z,39.599998,36.400002
2023-06-25T14:14:00.000Z,39.599998,42
2023-06-25T14:15:00.000Z,37.400002,40
2023-06-25T14:16:00.000Z,39.799999,37.799999
2023-06-25T14:17:00.000Z,34.799999,38.400002
2023-06-25T14:18:00.000Z,38.799999,38.599998
2023-06-25T14:19:00.000Z,36.799999,39.400002
2023-06-25T14:20:00.000Z,41.200001,39.200001
2023-06-25T14:21:00.000Z,38.799999,41
2023-06-25T14:22:00.000Z,41,40.200001
2023-06-25T14:23:00.000Z,38.599998,39.599998
2023-06-25T14:24:00.000Z,36.200001,34.799999
2023-06-25T14:25:00.000Z,35,37.400002
2023-06-25T14:26:00.000Z,36.599998,33
2023-06-25T14:27:00.000Z,37.799999,37.400002
2023-06-25T14:28:00.000Z,35,37.200001
2023-06-25T14:29:00.000Z,36,37.799999
2023-06-25T14:30:00.000Z,37.200001,35.200001
2023-06-25T14:31:00.000Z,35.799999,38.200001
2023-06-25T14:32:00.000Z,38.799999,38.799999
2023-06-25T14:33:00.000Z,35.799999,37.400002
2023-06-25T14:34:00.000Z,39.400002,41
2023-06-25T14:35:00.000Z,38.599998,39.400002
2023-06-25T14:36:00.000Z,38.200001,41.200001
2023-06-25T14:37:00.000Z,38.599998,39
2023-06-25T14:39:00.000Z,39.599998,34.599998
2023-06-25T14:40:00.000Z,41,40
2023-06-25T14:41:00.000Z,39.799999,35.599998
2023-06-25T14:42:00.000Z,35,37.599998
2023-06-25T14:43:00.000Z,38.200001,37.400002
2023-06-25T14:44:00.000Z,40.599998,37.599998
2023-06-25T14:45:00.000Z,38.200001,37.200001
2023-06-25T14:46:00.000Z,40.400002,43.400002
2023-06-25T14:47:00.000Z,41,44
2023-06-25T14:48:00.000Z,39.599998,37.599998
2023-06-25T14:49:00.000Z,38.400002,42
2023-06-25T14:50:00.000Z,41.599998,42.400002
2023-06-25T14:51:00.000Z,37.400002,35.799999
2023-06-25T14:52:00.000Z,37.599998,36.400002
2023-06-25T14:53:00.000Z,39.200001,35.200001
2023-06-25T14:54:00.000Z,39.799999,37.599998
2023-06-25T14:55:00.000Z,43.799999,41.200001
2023-06-25T14:56:00.000Z,42.599998,41.200001
2023-06-25T14:57:00.000Z,42.799999,41
2023-06-25T14:58:00.000Z,42.200001,42.400002
2023-06-25T14:59:00.000Z,40.200001,39.200001
2023-06-25T15:00:00.000Z,42,42.799999
2023-06-25T15:01:00.000Z,42.599998,40.400002
2023-06-25T15:02:00.000Z,39.799999,39
2023-06-25T15:03:00.000Z,40.400002,36.599998
2023-06-25T15:04:00.000Z,41,39.599998
2023-06-25T15:05:00.000Z,41.200001,42.400002
2023-06-25T15:06:00.000Z,40.799999,37.400002
2023-06-25T15:07:00.000Z,39.599998,41.599998
2023-06-25T15:08:00.000Z,40.200001,39.200001
2023-06-25T15:09:00.000Z,38.599998,40.599998
2023-06-25T15:10:00.000Z,36.400002,37.400002
2023-06-25T15:11:00.000Z,38.200001,34.799999
2023-06-25T15:12:00.000Z,38.599998,36.200001
2023-06-25T15:13:00.000Z,35,34.599998
2023-06-25T15:14:00.000Z,38,34.799999
2023-06-25T15:15:00.000Z,34.599998,40
2023-06-25T15:16:00.000Z,36.599998,32
2023-06-25T15:17:00.000Z,33.200001,32.200001
2023-06-25T15:18:00.000Z,36.799999,33.200001
2023-06-25T15:19:00.000Z,36,38.599998
2023-06-25T15:20:00.000Z,33.799999,33
2023-06-25T15:21:00.000Z,34,38.599998
2023-06-25T15:22:00.000Z,34.799999,34.200001
2023-06-25T15:23:00.000Z,35.799999,36.599998
2023-06-25T15:24:00.000Z,33.200001,39.400002
2023-06-25T15:25:00.000Z,35.200001,32
2023-06-25T15:26:00.000Z,34.400002,36.200001
2023-06-25T15:27:00.000Z,32,35.400002
2023-06-25T15:28:00.000Z,29.4,32.599998
2023-06-25T15:29:00.000Z,31.4,31.6
2023-06-25T15:30:00.000Z,33,30.799999
2023-06-25T15:31:00.000Z,29,33.799999
2023-06-25T15:32:00.000Z,31.6,33.799999
2023-06-25T15:33:00.000Z,36.400002,34.799999
2023-06-25T15:34:00.000Z,29.4,31
2023-06-25T15:35:00.000Z,28.6,32.400002
2023-06-25T15:36:00.000Z,23.6,27.200001
2023-06-25T15:37:00.000Z,28.6,30
2023-06-25T15:38:00.000Z,28,29
2023-06-25T15:39:00.000Z,31,30
2023-06-25T15:40:00.000Z,24.6,26.6
2023-06-25T15:41:00.000Z,24.4,23.6
2023-06-25T15:42:00.000Z,19.200001,19.200001
2023-06-25T15:43:00.000Z,11.6,13.8
2023-06-25T15:44:00.000Z,13,14.4
2023-06-25T15:45:00.000Z,13,15.4
2023-06-25T15:46:00.000Z,13.4,15.6
2023-06-25T15:47:00.000Z,8,10.8
2023-06-25T15:48:00.000Z,10,11.2
2023-06-25T15:49:00.000Z,11,13.8
2023-06-25T15:50:00.000Z,13.2,17.200001
2023-06-25T15:51:00.000Z,10.4,19.200001
2023-06-25T15:52:00.000Z,9,13.2
2023-06-25T15:53:00.000Z,8,15.2
2023-06-25T15:54:00.000Z,10,12.4
2023-06-25T15:55:00.000Z,8.2,9.2
2023-06-25T15:56:00.000Z,6.6,9.6
2023-06-25T15:57:00.000Z,8.4,9.6
2023-06-25T15:58:00.000Z,6.4,10.6
2023-06-25T15:59:00.000Z,7.4,8.6
2023-06-25T16:00:00.000Z,11.2,11
2023-06-25T16:01:00.000Z,9.2,14.4
2023-06-25T16:02:00.000Z,10,14.2
2023-06-25T16:03:00.000Z,7.8,10.8
2023-06-25T16:04:00.000Z,5.2,8.8
2023-06-25T16:05:00.000Z,5.8,11.4
2023-06-25T16:06:00.000Z,6.8,12.6
2023-06-25T16:07:00.000Z,7,12
2023-06-25T16:08:00.000Z,6.4,13
2023-06-25T16:09:00.000Z,4.4,6.6
2023-06-25T16:10:00.000Z,6.8,9.8
2023-06-25T16:11:00.000Z,6.6,8
2023-06-25T16:12:00.000Z,5.6,13
2023-06-25T16:13:00.000Z,7,9
2023-06-25T16:14:00.000Z,10.4,11.4
2023-06-25T16:15:00.000Z,7.2,9.6
2023-06-25T16:16:00.000Z,5.8,11
2023-06-25T16:17:00.000Z,7.2,10.6
2023-06-25T16:18:00.000Z,8.6,11.6
2023-06-25T16:19:00.000Z,7.8,11.6
2023-06-25T16:20:00.000Z,8.2,6.8
2023-06-25T16:21:00.000Z,6.6,9
2023-06-25T16:22:00.000Z,7.6,12.6
2023-06-25T16:23:00.000Z,7,11.6
2023-06-25T16:24:00.000Z,7.8,9.4
2023-06-25T16:25:00.000Z,6.8,12.6
2023-06-25T16:26:00.000Z,9,11.8
2023-06-25T16:27:00.000Z,5,12
2023-06-25T16:28:00.000Z,9.2,12.8
2023-06-25T16:29:00.000Z,7,7.8
2023-06-25T16:30:00.000Z,8.6,8.4
2023-06-25T16:31:00.000Z,7,9.8
2023-06-25T16:32:00.000Z,8.4,13.8
2023-06-25T16:33:00.000Z,7.6,5.8
2023-06-25T16:34:00.000Z,7.6,9
2023-06-25T16:35:00.000Z,6,10.8
2023-06-25T16:36:00.000Z,7.4,11.2
2023-06-25T16:37:00.000Z,7,9.6
2023-06-25T16:38:00.000Z,7.6,9.4
2023-06-25T16:39:00.000Z,7.8,12.8
2023-06-25T16:40:00.000Z,7.4,9.2
2023-06-25T16:41:00.000Z,6.2,11
2023-06-25T16:42:00.000Z,6,9.6
2023-06-25T16:43:00.000Z,6.2,10.2
2023-06-25T16:44:00.000Z,7,8.8
2023-06-25T16:45:00.000Z,5.2,8.4
2023-06-25T16:46:00.000Z,6,11
2023-06-25T16:47:00.000Z,7.4,11.2
2023-06-25T16:48:00.000Z,5,10
2023-06-25T16:49:00.000Z,8.4,8.4
2023-06-25T16:50:00.000Z,8,11.6
2023-06-25T16:51:00.000Z,6,8.6
2023-06-25T16:52:00.000Z,5.6,7
2023-06-25T16:53:00.000Z,5,7.6
2023-06-25T16:54:00.000Z,6.4,8.6
2023-06-25T16:55:00.000Z,7.8,12.4
2023-06-25T16:56:00.000Z,6.4,9.6
2023-06-25T16:57:00.000Z,6,8.2
2023-06-25T16:58:00.000Z,5.4,10.4
2023-06-25T16:59:00.000Z,4.2,10.2
2023-06-25T17:00:00.000Z,6.2,7.4
2023-06-25T17:01:00.000Z,4.8,11.2
2023-06-25T17:02:00.000Z,5.8,13.6
2023-06-25T17:03:00.000Z,5,10.8
2023-06-25T17:04:00.000Z,6.4,11.2
2023-06-25T17:05:00.000Z,5.6,8.8
2023-06-25T17:06:00.000Z,6.4,9.6
2023-06-25T17:07:00.000Z,5.4,9.4
2023-06-25T17:08:00.000Z,5.2,12.2
2023-06-25T17:09:00.000Z,5.8,7.6
2023-06-25T17:10:00.000Z,6,7.6
2023-06-25T17:11:00.000Z,6,11
2023-06-25T17:12:00.000Z,5.4,8.6
2023-06-25T17:13:00.000Z,4.8,11.2
2023-06-25T17:14:00.000Z,5,11
2023-06-25T17:15:00.000Z,5,6.2
2023-06-25T17:16:00.000Z,4.4,6.4
2023-06-25T17:17:00.000Z,6,8.2
2023-06-25T17:18:00.000Z,4,7.2
2023-06-25T17:19:00.000Z,5,9.4
2023-06-25T17:20:00.000Z,3.4,11.6
2023-06-25T17:21:00.000Z,3.8,7.6
2023-06-25T17:22:00.000Z,4,9.8
2023-06-25T17:23:00.000Z,5,7.8
2023-06-25T17:24:00.000Z,7.2,10.8
2023-06-25T17:25:00.000Z,5.2,12.4
2023-06-25T17:26:00.000Z,4.4,6.4
2023-06-25T17:27:00.000Z,4,6.8
2023-06-25T17:28:00.000Z,5,11
2023-06-25T17:29:00.000Z,5.6,8.6
2023-06-25T17:30:00.000Z,4.8,8.8
2023-06-25T17:31:00.000Z,5.4,10
2023-06-25T17:32:00.000Z,6,8.2
2023-06-25T17:33:00.000Z,5.6,5
2023-06-25T17:34:00.000Z,6.6,5.4
2023-06-25T17:35:00.000Z,4.6,7
2023-06-25T17:36:00.000Z,5.6,7.4
2023-06-25T17:37:00.000Z,5.4,10.4
2023-06-25T17:38:00.000Z,5.8,9.4
2023-06-25T17:39:00.000Z,8,9.2
2023-06-25T17:40:00.000Z,6.6,8.8
2023-06-25T17:41:00.000Z,7.8,11.2
2023-06-25T17:42:00.000Z,5.6,9.4
2023-06-25T17:43:00.000Z,5.6,11.4
2023-06-25T17:44:00.000Z,7,10.6
2023-06-25T17:45:00.000Z,6.6,8.6
2023-06-25T17:46:00.000Z,5.8,7.2
2023-06-25T17:47:00.000Z,5.8,11.2
2023-06-25T17:48:00.000Z,6,11.8
2023-06-25T17:49:00.000Z,6.4,6.8
2023-06-25T17:50:00.000Z,4.4,7.6
2023-06-25T17:51:00.000Z,4.4,8.6
2023-06-25T17:52:00.000Z,4.6,5.4
2023-06-25T17:53:00.000Z,5.6,6.2
2023-06-25T17:54:00.000Z,5,6.2
2023-06-25T17:55:00.000Z,5.8,9.8
2023-06-25T17:56:00.000Z,5.4,7.2
2023-06-25T17:57:00.000Z,3.8,6.4
2023-06-25T17:58:00.000Z,5.4,9.8
2023-06-25T17:59:00.000Z,4.2,10.6
2023-06-25T18:00:00.000Z,6,8
2023-06-25T18:01:00.000Z,6.2,10.8
2023-06-25T18:02:00.000Z,5.8,11.8
2023-06-25T18:03:00.000Z,6.6,13
2023-06-25T18:04:00.000Z,6.6,8.4
2023-06-25T18:05:00.000Z,7,12.2
2023-06-25T18:06:00.000Z,5.6,8.6
2023-06-25T18:07:00.000Z,5.2,8.8
2023-06-25T18:08:00.000Z,5.2,5.8
2023-06-25T18:09:00.000Z,5.2,8
2023-06-25T18:10:00.000Z,5.2,7.2
2023-06-25T18:11:00.000Z,3.8,6.6
2023-06-25T18:12:00.000Z,3.2,6.6
2023-06-25T18:13:00.000Z,5.4,10.4
2023-06-25T18:14:00.000Z,5.2,7.2
2023-06-25T18:15:00.000Z,5.8,10.8
2023-06-25T18:16:00.000Z,5.2,7.6
2023-06-25T18:17:00.000Z,4.2,5.8
2023-06-25T18:18:00.000Z,2.6,8.8
2023-06-25T18:19:00.000Z,3.2,5.2
2023-06-25T18:20:00.000Z,3.8,5
2023-06-25T18:21:00.000Z,4.6,7.6
2023-06-25T18:22:00.000Z,2.8,7.6
2023-06-25T18:23:00.000Z,3.8,9.6
2023-06-25T18:24:00.000Z,3.8,6.8
2023-06-25T18:25:00.000Z,4.4,5.4
2023-06-25T18:26:00.000Z,4,7
2023-06-25T18:27:00.000Z,4.6,5.8
2023-06-25T18:28:00.000Z,7.6,7.4
2023-06-25T18:29:00.000Z,5.4,6.2
2023-06-25T18:30:00.000Z,5.6,8
2023-06-25T18:31:00.000Z,6.4,7.6
2023-06-25T18:32:00.000Z,5.4,6.8
2023-06-25T18:33:00.000Z,4.8,5.2
2023-06-25T18:34:00.000Z,4,9.6
2023-06-25T18:35:00.000Z,5,5
2023-06-25T18:36:00.000Z,4.4,8.8
2023-06-25T18:37:00.000Z,4,9.2
2023-06-25T18:38:00.000Z,4.2,6.8
2023-06-25T18:39:00.000Z,5,6.2
2023-06-25T18:40:00.000Z,5.4,9.8
2023-06-25T18:41:00.000Z,6.6,12
2023-06-25T18:42:00.000Z,5.4,11.8
2023-06-25T18:43:00.000Z,5,12
2023-06-25T18:44:00.000Z,4.4,8.4
2023-06-25T18:45:00.000Z,7.4,9.2
2023-06-25T18:46:00.000Z,6.4,10.2
2023-06-25T18:47:00.000Z,8.8,12.8
2023-06-25T18:48:00.000Z,5.8,7.8
2023-06-25T18:49:00.000Z,6.8,11.8
2023-06-25T18:50:00.000Z,7.2,9.6
2023-06-25T18:51:00.000Z,6.2,7.6
2023-06-25T18:52:00.000Z,6.8,12.8
2023-06-25T18:53:00.000Z,5.2,7.2
2023-06-25T18:54:00.000Z,5.6,8
2023-06-25T18:55:00.000Z,5.6,6
2023-06-25T18:56:00.000Z,4.8,10.2
2023-06-25T18:57:00.000Z,6,11
2023-06-25T18:58:00.000Z,4,11
2023-06-25T18:59:00.000Z,7,6.6
2023-06-25T19:00:00.000Z,4.2,8.4
2023-06-25T19:01:00.000Z,6.4,3.4
2023-06-25T19:02:00.000Z,5.8,10.6
2023-06-25T19:03:00.000Z,6.2,6.2
2023-06-25T19:04:00.000Z,4.8,9.6
2023-06-25T19:05:00.000Z,5.6,7.6
2023-06-25T19:06:00.000Z,5,7.4
2023-06-25T19:07:00.000Z,6.6,7.4
2023-06-25T19:08:00.000Z,5,9
2023-06-25T19:09:00.000Z,5.8,7.8
2023-06-25T19:10:00.000Z,5.4,8.8
2023-06-25T19:11:00.000Z,5.8,9.2
2023-06-25T19:12:00.000Z,3.4,5.8
2023-06-25T19:13:00.000Z,6,6.4
2023-06-25T19:14:00.000Z,6.4,10.4
2023-06-25T19:15:00.000Z,5.8,9.6
2023-06-25T19:16:00.000Z,4.4,8.2
2023-06-25T19:17:00.000Z,5.2,10
2023-06-25T19:18:00.000Z,4.6,6.8
2023-06-25T19:19:00.000Z,5,8.4
2023-06-25T19:20:00.000Z,5,10.2
2023-06-25T19:21:00.000Z,4.4,7.4
2023-06-25T19:22:00.000Z,5.4,5.6
2023-06-25T19:23:00.000Z,3.4,9.4
2023-06-25T19:24:00.000Z,5.2,6.6
2023-06-25T19:25:00.000Z,4.4,8.6
2023-06-25T19:26:00.000Z,5,6.6
2023-06-25T19:27:00.000Z,4.4,10
2023-06-25T19:28:00.000Z,3.8,10.4
2023-06-25T19:29:00.000Z,5.2,10
2023-06-25T19:31:00.000Z,3.4,6.4
2023-06-25T19:32:00.000Z,3.4,6.6
2023-06-25T19:33:00.000Z,3.2,5.8
2023-06-25T19:34:00.000Z,5.2,9.2
2023-06-25T19:35:00.000Z,4,3.6
2023-06-25T19:36:00.000Z,3.8,8
2023-06-25T19:37:00.000Z,3.6,5.6
2023-06-25T19:38:00.000Z,3.2,4.2
2023-06-25T19:39:00.000Z,3.8,9
2023-06-25T19:40:00.000Z,3,8.4
2023-06-25T19:41:00.000Z,3.6,6.4
2023-06-25T19:42:00.000Z,5.8,9.2
2023-06-25T19:43:00.000Z,5.2,7.6
2023-06-25T19:44:00.000Z,5,7.6
2023-06-25T19:45:00.000Z,3.6,8
2023-06-25T19:46:00.000Z,3.4,7.4
2023-06-25T19:47:00.000Z,4,8.8
2023-06-25T19:48:00.000Z,5,6.8
2023-06-25T19:49:00.000Z,5.4,9.4
2023-06-25T19:50:00.000Z,4.6,6
2023-06-25T19:51:00.000Z,4.6,5.6
2023-06-25T19:52:00.000Z,5.2,6.2
2023-06-25T19:53:00.000Z,4.8,6.4
2023-06-25T19:54:00.000Z,4.4,9.2
2023-06-25T19:55:00.000Z,3.8,12.6
2023-06-25T19:56:00.000Z,4,7
2023-06-25T19:57:00.000Z,4.6,8.8
2023-06-25T19:58:00.000Z,4.4,10.4
2023-06-25T19:59:00.000Z,4,7.8
2023-06-25T20:00:00.000Z,4.4,9.4
2023-06-25T20:01:00.000Z,4.8,9.4
2023-06-25T20:02:00.000Z,3.6,8.6
2023-06-25T20:03:00.000Z,4.4,7
2023-06-25T20:04:00.000Z,4.4,8.4
2023-06-25T20:05:00.000Z,6.8,10
2023-06-25T20:06:00.000Z,5,5.6
2023-06-25T20:07:00.000Z,3.6,8.8
2023-06-25T20:08:00.000Z,5.2,6.8
2023-06-25T20:09:00.000Z,5,8.4
2023-06-25T20:10:00.000Z,5.8,6
2023-06-25T20:11:00.000Z,4.8,9
2023-06-25T20:12:00.000Z,3.4,10.4
2023-06-25T20:13:00.000Z,5.4,8.8
2023-06-25T20:14:00.000Z,4.2,6
2023-06-25T20:15:00.000Z,4.2,8.6
2023-06-25T20:16:00.000Z,4,6.6
2023-06-25T20:17:00.000Z,5,5.4
2023-06-25T20:18:00.000Z,5.6,7
2023-06-25T20:19:00.000Z,4.2,7.8
2023-06-25T20:20:00.000Z,4.6,11.2
2023-06-25T20:21:00.000Z,4.6,7
2023-06-25T20:22:00.000Z,4.8,8.8
2023-06-25T20:23:00.000Z,5,12
2023-06-25T20:24:00.000Z,4.8,8
2023-06-25T20:25:00.000Z,5,10.8
2023-06-25T20:26:00.000Z,5,7.8
2023-06-25T20:27:00.000Z,4.2,10.8
2023-06-25T20:28:00.000Z,4,7.8
2023-06-25T20:29:00.000Z,5.6,8.4
2023-06-25T20:30:00.000Z,5,7.8
2023-06-25T20:31:00.000Z,5.8,7.8
2023-06-25T20:32:00.000Z,4.8,8.4
2023-06-25T20:33:00.000Z,4.6,7.8
2023-06-25T20:34:00.000Z,4.4,10
2023-06-25T20:35:00.000Z,4.8,9.8
2023-06-25T20:36:00.000Z,4.2,8
2023-06-25T20:37:00.000Z,4.8,10.8
2023-06-25T20:38:00.000Z,4.4,6.4
2023-06-25T20:39:00.000Z,5.6,9.4
2023-06-25T20:40:00.000Z,6,8.6
2023-06-25T20:41:00.000Z,6,7.4
2023-06-25T20:42:00.000Z,4.2,8.6
2023-06-25T20:43:00.000Z,5.2,8.6
2023-06-25T20:44:00.000Z,6.6,9.6
2023-06-25T20:45:00.000Z,5,7.2
2023-06-25T20:46:00.000Z,5.6,9.6
2023-06-25T20:47:00.000Z,6,11.8
2023-06-25T20:48:00.000Z,6,6
2023-06-25T20:49:00.000Z,6,8.6
2023-06-25T20:50:00.000Z,4.2,10.2
2023-06-25T20:51:00.000Z,8.6,8
2023-06-25T20:52:00.000Z,3.8,10.4
2023-06-25T20:53:00.000Z,6.6,9.6
2023-06-25T20:54:00.000Z,4.4,8.6
2023-06-25T20:55:00.000Z,5.4,6.8
2023-06-25T20:56:00.000Z,5,10.6
2023-06-25T20:57:00.000Z,6,8.6
2023-06-25T20:58:00.000Z,4.8,9.2
2023-06-25T20:59:00.000Z,9.4,10
2023-06-25T21:00:00.000Z,5.8,8.2
2023-06-25T21:01:00.000Z,6,7
2023-06-25T21:02:00.000Z,7.4,6.4
2023-06-25T21:03:00.000Z,5.8,11
2023-06-25T21:04:00.000Z,6.4,8.4
2023-06-25T21:05:00.000Z,6.6,7.8
2023-06-25T21:06:00.000Z,5.2,7.6
2023-06-25T21:07:00.000Z,6.2,8.6
2023-06-25T21:08:00.000Z,6,10.2
2023-06-25T21:09:00.000Z,4.6,11.6
2023-06-25T21:11:00.000Z,6.8,8.4
2023-06-25T21:13:00.000Z,6.6,11
2023-06-25T21:14:00.000Z,8,7.4
2023-06-25T21:15:00.000Z,8,14.4
2023-06-25T21:16:00.000Z,7.8,9.2
2023-06-25T21:17:00.000Z,8.6,10.6
2023-06-25T21:18:00.000Z,7.4,12.4
2023-06-25T21:19:00.000Z,7.8,8
2023-06-25T21:20:00.000Z,7.6,13.2
2023-06-25T21:21:00.000Z,8.6,11.2
2023-06-25T21:22:00.000Z,8,10
2023-06-25T21:23:00.000Z,8.2,12.2
2023-06-25T21:24:00.000Z,7.6,12.2
2023-06-25T21:25:00.000Z,9.4,10.6
2023-06-25T21:26:00.000Z,10,12.6
2023-06-25T21:27:00.000Z,22.200001,27
2023-06-25T21:28:00.000Z,26.799999,33.200001
2023-06-25T21:29:00.000Z,31,33.599998
2023-06-25T21:31:00.000Z,20.4,21.799999
2023-06-25T21:32:00.000Z,29.6,28.4
2023-06-25T21:34:00.000Z,17.6,20
2023-06-25T21:35:00.000Z,19.799999,23.200001
2023-06-25T21:36:00.000Z,18,21.200001
2023-06-25T21:37:00.000Z,14,19.4
2023-06-25T21:38:00.000Z,14.6,18.4
2023-06-25T21:39:00.000Z,13.8,17.200001
2023-06-25T21:40:00.000Z,16.6,19.200001
2023-06-25T21:41:00.000Z,15.8,17.4
2023-06-25T21:42:00.000Z,15.6,19.6
2023-06-25T21:43:00.000Z,12.4,14.4
2023-06-25T21:44:00.000Z,11.6,12.8
2023-06-25T21:45:00.000Z,11.4,14
2023-06-25T21:46:00.000Z,12.8,14
2023-06-25T21:47:00.000Z,10.8,19.6
2023-06-25T21:48:00.000Z,14,13.6
2023-06-25T21:49:00.000Z,12.6,16.200001
2023-06-25T21:50:00.000Z,11.8,12.2
2023-06-25T21:51:00.000Z,10,10.6
2023-06-25T21:52:00.000Z,9.6,11.4
2023-06-25T21:53:00.000Z,9,11.2
2023-06-25T21:54:00.000Z,9,14.6
2023-06-25T21:55:00.000Z,9,12
2023-06-25T21:56:00.000Z,9.2,11.8
2023-06-25T21:57:00.000Z,10,14
2023-06-25T21:58:00.000Z,11,16
2023-06-25T21:59:00.000Z,9.6,13
2023-06-25T22:00:00.000Z,10.2,10.4
2023-06-25T22:01:00.000Z,8.6,12
2023-06-25T22:02:00.000Z,10.2,14.6
2023-06-25T22:03:00.000Z,9.8,14.4
2023-06-25T22:04:00.000Z,8.4,12
2023-06-25T22:05:00.000Z,8.2,14.2
2023-06-25T22:06:00.000Z,6,10.4
2023-06-25T22:07:00.000Z,7,11
2023-06-25T22:08:00.000Z,8,10.4
2023-06-25T22:09:00.000Z,6.8,9.6
2023-06-25T22:10:00.000Z,6.4,9.4
2023-06-25T22:11:00.000Z,6.6,10.8
2023-06-25T22:12:00.000Z,8,10
2023-06-25T22:13:00.000Z,6.6,13.4
2023-06-25T22:14:00.000Z,7.6,9.2
2023-06-25T22:15:00.000Z,6.2,11
2023-06-25T22:16:00.000Z,9.4,8.2
2023-06-25T22:17:00.000Z,9.6,11.4
2023-06-25T22:18:00.000Z,9.4,8.6
2023-06-25T22:19:00.000Z,6.4,10
2023-06-25T22:20:00.000Z,6.6,8.2
2023-06-25T22:21:00.000Z,7.8,8.2
2023-06-25T22:22:00.000Z,7,8.4
2023-06-25T22:23:00.000Z,6.4,7
2023-06-25T22:24:00.000Z,9,10.6
2023-06-25T22:25:00.000Z,8.6,14
2023-06-25T22:26:00.000Z,7.2,10
2023-06-25T22:27:00.000Z,7.6,10.8
2023-06-25T22:28:00.000Z,8.2,13.8
2023-06-25T22:29:00.000Z,7.2,8
2023-06-25T22:30:00.000Z,8.8,11
2023-06-25T22:31:00.000Z,6.6,10.2
2023-06-25T22:32:00.000Z,7.8,7.6
2023-06-25T22:33:00.000Z,7.8,11
2023-06-25T22:34:00.000Z,7,12.2
2023-06-25T22:35:00.000Z,8,12.8
2023-06-25T22:36:00.000Z,9.4,8.6
2023-06-25T22:37:00.000Z,7,10.2
2023-06-25T22:38:00.000Z,6.4,8.2
2023-06-25T22:39:00.000Z,9,6.8
2023-06-25T22:40:00.000Z,9,8.4
2023-06-25T22:41:00.000Z,7.4,9.4
2023-06-25T22:42:00.000Z,8.6,11.8
2023-06-25T22:43:00.000Z,11,12.4
2023-06-25T22:44:00.000Z,7.6,11.4
2023-06-25T22:45:00.000Z,7.4,8.8
2023-06-25T22:46:00.000Z,9.6,10
2023-06-25T22:47:00.000Z,7.4,12.8
2023-06-25T22:48:00.000Z,9.6,15
2023-06-25T22:49:00.000Z,9.6,11
2023-06-25T22:50:00.000Z,7,11.8
2023-06-25T22:51:00.000Z,9.8,12.4
2023-06-25T22:52:00.000Z,8.4,9.6
2023-06-25T22:53:00.000Z,5.8,12
2023-06-25T22:54:00.000Z,9,12
2023-06-25T22:55:00.000Z,8.8,11
2023-06-25T22:56:00.000Z,9.2,13.6
2023-06-25T22:57:00.000Z,10.2,14.2
2023-06-25T22:58:00.000Z,9.4,11.2
2023-06-25T22:59:00.000Z,9.2,10.2
2023-06-25T23:00:00.000Z,8,11.8
2023-06-25T23:01:00.000Z,8.2,11
2023-06-25T23:02:00.000Z,10.4,13.8
2023-06-25T23:03:00.000Z,7.8,13
2023-06-25T23:04:00.000Z,10,16.4
2023-06-25T23:05:00.000Z,10.4,12.6
2023-06-25T23:06:00.000Z,8.4,12.6
2023-06-25T23:07:00.000Z,7.8,12.6
2023-06-25T23:08:00.000Z,9.6,9.6
2023-06-25T23:09:00.000Z,12.2,13
2023-06-25T23:10:00.000Z,8.4,11
2023-06-25T23:11:00.000Z,7.6,12.2
2023-06-25T23:12:00.000Z,10.4,11
2023-06-25T23:13:00.000Z,10.8,14.2
2023-06-25T23:14:00.000Z,9.2,12.8
2023-06-25T23:15:00.000Z,10.2,13.2
2023-06-25T23:16:00.000Z,8.6,15
2023-06-25T23:17:00.000Z,11,13.4
2023-06-25T23:18:00.000Z,10.6,13.8
2023-06-25T23:19:00.000Z,9.6,12.2
2023-06-25T23:20:00.000Z,10.6,15
2023-06-25T23:21:00.000Z,13.2,11.6
2023-06-25T23:22:00.000Z,10.2,11.2
2023-06-25T23:23:00.000Z,11.4,14.8
2023-06-25T23:24:00.000Z,10.8,11.8
2023-06-25T23:25:00.000Z,9.8,15.8
2023-06-25T23:26:00.000Z,11,17
2023-06-25T23:27:00.000Z,11.2,13.6
2023-06-25T23:28:00.000Z,10,13.2
2023-06-25T23:29:00.000Z,9.4,15.2
2023-06-25T23:30:00.000Z,9.8,16.200001
2023-06-25T23:31:00.000Z,9.6,15.8
2023-06-25T23:32:00.000Z,10.6,14.8
2023-06-25T23:33:00.000Z,11.4,14.4
2023-06-25T23:34:00.000Z,10.4,12.4
2023-06-25T23:35:00.000Z,11.4,15
2023-06-25T23:36:00.000Z,12,11
2023-06-25T23:37:00.000Z,13,10.8
2023-06-25T23:38:00.000Z,12.4,8.6
2023-06-25T23:39:00.000Z,10.6,12
2023-06-25T23:40:00.000Z,16.6,14
2023-06-25T23:41:00.000Z,12,9.2
2023-06-25T23:42:00.000Z,12,18.4
2023-06-25T23:43:00.000Z,10,16.6
2023-06-25T23:44:00.000Z,10.4,14
2023-06-25T23:45:00.000Z,11.4,14.2
2023-06-25T23:46:00.000Z,11.8,13.4
2023-06-25T23:47:00.000Z,11,12
2023-06-25T23:48:00.000Z,11.2,13.8
2023-06-25T23:49:00.000Z,14.4,13
2023-06-25T23:50:00.000Z,15.2,13.6
2023-06-25T23:51:00.000Z,11.4,16.4
2023-06-25T23:52:00.000Z,12.8,12.8
2023-06-25T23:53:00.000Z,11.2,14.6
2023-06-25T23:54:00.000Z,11,13
2023-06-25T23:55:00.000Z,9.4,15.6
2023-06-25T23:56:00.000Z,11.6,10
2023-06-25T23:57:00.000Z,11.2,11.6
2023-06-25T23:58:00.000Z,11.8,9.2
2023-06-25T23:59:00.000Z,9.8,11.2
2023-06-26T00:00:00.000Z,11,12.4
2023-06-26T00:01:00.000Z,9.4,11.6
2023-06-26T00:02:00.000Z,9.6,14.6
2023-06-26T00:03:00.000Z,11.2,16.4
2023-06-26T00:04:00.000Z,11.4,14.6
2023-06-26T00:05:00.000Z,10,15
2023-06-26T00:06:00.000Z,10.8,13.2
2023-06-26T00:07:00.000Z,13.2,14
2023-06-26T00:08:00.000Z,14.6,17.799999
2023-06-26T00:09:00.000Z,12.4,16
2023-06-26T00:10:00.000Z,10.8,11.6
2023-06-26T00:11:00.000Z,11.6,17
2023-06-26T00:12:00.000Z,10.8,14.6
2023-06-26T00:13:00.000Z,10.4,12.6
2023-06-26T00:14:00.000Z,10.4,11.2
2023-06-26T00:15:00.000Z,9.8,12
2023-06-26T00:16:00.000Z,11,15.6
2023-06-26T00:17:00.000Z,12.8,12.8
2023-06-26T00:18:00.000Z,11,12.8
2023-06-26T00:19:00.000Z,11,14
2023-06-26T00:20:00.000Z,10.4,11.6
2023-06-26T00:21:00.000Z,12.2,13
2023-06-26T00:22:00.000Z,10.4,13.2
2023-06-26T00:23:00.000Z,10.8,13.8
2023-06-26T00:24:00.000Z,11.2,9
2023-06-26T00:25:00.000Z,10,14
2023-06-26T00:26:00.000Z,10.6,15.2
2023-06-26T00:27:00.000Z,9.6,15
2023-06-26T00:28:00.000Z,9.2,10.2
2023-06-26T00:29:00.000Z,9,11.2
2023-06-26T00:30:00.000Z,8.8,10.2
2023-06-26T00:31:00.000Z,8,8.8
2023-06-26T00:32:00.000Z,9.4,12.2
2023-06-26T00:33:00.000Z,7.4,12.6
2023-06-26T00:34:00.000Z,9.6,9.8
2023-06-26T00:35:00.000Z,6.6,10.4
2023-06-26T00:36:00.000Z,9.2,14.2
2023-06-26T00:37:00.000Z,9,10.4
2023-06-26T00:38:00.000Z,10,12.2
2023-06-26T00:39:00.000Z,10,10
2023-06-26T00:40:00.000Z,8.2,13.6
2023-06-26T00:41:00.000Z,9,8.2
2023-06-26T00:42:00.000Z,10.6,10.2
2023-06-26T00:43:00.000Z,9.2,11.8
2023-06-26T00:44:00.000Z,10.6,10.8
2023-06-26T00:45:00.000Z,9.6,10
2023-06-26T00:46:00.000Z,10.4,10.8
2023-06-26T00:47:00.000Z,10.6,11.4
2023-06-26T00:48:00.000Z,10.2,14.2
2023-06-26T00:49:00.000Z,10,13.2
2023-06-26T00:50:00.000Z,10.2,13.2
2023-06-26T00:51:00.000Z,10.8,15.2
2023-06-26T00:52:00.000Z,10.2,11.2
2023-06-26T00:53:00.000Z,10.6,16.6
2023-06-26T00:54:00.000Z,10.6,13
2023-06-26T00:55:00.000Z,15.6,13.6
2023-06-26T00:56:00.000Z,12.6,15.6
2023-06-26T00:57:00.000Z,10.8,14.4
2023-06-26T00:58:00.000Z,11,17.200001
2023-06-26T00:59:00.000Z,12.6,14.2
2023-06-26T01:00:00.000Z,10.2,15.6
2023-06-26T01:01:00.000Z,8.8,12
2023-06-26T01:02:00.000Z,10.8,11.4
2023-06-26T01:03:00.000Z,10.8,10.6
2023-06-26T01:04:00.000Z,9.4,13
2023-06-26T01:05:00.000Z,8.8,11.4
2023-06-26T01:06:00.000Z,8.6,12.4
2023-06-26T01:07:00.000Z,9.8,12.6
2023-06-26T01:08:00.000Z,8.4,12.2
2023-06-26T01:09:00.000Z,7.6,10.2
2023-06-26T01:10:00.000Z,10.8,7.6
2023-06-26T01:11:00.000Z,7.4,9.2
2023-06-26T01:12:00.000Z,7.4,11.4
2023-06-26T01:13:00.000Z,7,13
2023-06-26T01:14:00.000Z,6.2,9.4
2023-06-26T01:15:00.000Z,5.6,5
2023-06-26T01:16:00.000Z,5.8,9.4
2023-06-26T01:17:00.000Z,6,8.8
2023-06-26T01:18:00.000Z,5.4,7.4
2023-06-26T01:19:00.000Z,5.4,8
2023-06-26T01:20:00.000Z,5,10.8
2023-06-26T01:21:00.000Z,4.6,9.6
2023-06-26T01:22:00.000Z,2.8,9
2023-06-26T01:23:00.000Z,6.8,10
2023-06-26T01:24:00.000Z,5.8,9
2023-06-26T01:25:00.000Z,5.2,8.6
2023-06-26T01:26:00.000Z,2.8,8.8
2023-06-26T01:27:00.000Z,3.6,4.8
2023-06-26T01:28:00.000Z,5.4,8.4
2023-06-26T01:30:00.000Z,4.6,7.6
2023-06-26T01:31:00.000Z,3.4,6.2
2023-06-26T01:32:00.000Z,4,8
2023-06-26T01:33:00.000Z,5.2,6.8
2023-06-26T01:34:00.000Z,5.4,8.4
2023-06-26T01:35:00.000Z,9.6,10
2023-06-26T01:36:00.000Z,6.2,8
2023-06-26T01:37:00.000Z,4.8,6.8
2023-06-26T01:38:00.000Z,5.4,7.2
2023-06-26T01:39:00.000Z,3,9.4
2023-06-26T01:40:00.000Z,4.8,10.6
2023-06-26T01:41:00.000Z,3.8,5.2
2023-06-26T01:42:00.000Z,2,6.2
2023-06-26T01:43:00.000Z,1.8,6.8
2023-06-26T01:44:00.000Z,4.4,8.2
2023-06-26T01:45:00.000Z,2.6,9.2
2023-06-26T01:46:00.000Z,3.2,6.8
2023-06-26T01:47:00.000Z,3.2,5.6
2023-06-26T01:48:00.000Z,4.4,8.8
2023-06-26T01:49:00.000Z,4.4,6.6
2023-06-26T01:50:00.000Z,7.2,9.4
2023-06-26T01:51:00.000Z,5.8,6.6
2023-06-26T01:52:00.000Z,7.6,10
2023-06-26T01:53:00.000Z,5.8,8.4
2023-06-26T01:54:00.000Z,5.6,8.6
2023-06-26T01:55:00.000Z,4,7
2023-06-26T01:56:00.000Z,6,7.2
2023-06-26T01:57:00.000Z,5.2,5
2023-06-26T01:58:00.000Z,3.6,11.2
2023-06-26T01:59:00.000Z,5.6,9.2
2023-06-26T02:00:00.000Z,4.6,10
2023-06-26T02:01:00.000Z,5.8,6.6
2023-06-26T02:02:00.000Z,5.6,7.2
2023-06-26T02:03:00.000Z,7,7
2023-06-26T02:04:00.000Z,4.2,8.4
2023-06-26T02:05:00.000Z,7,9
2023-06-26T02:06:00.000Z,6.6,6.6
2023-06-26T02:07:00.000Z,7.6,9.4
2023-06-26T02:08:00.000Z,4.2,11.4
2023-06-26T02:09:00.000Z,7.4,7.6
2023-06-26T02:10:00.000Z,6.2,8.2
2023-06-26T02:11:00.000Z,6,6.4
2023-06-26T02:12:00.000Z,5.4,11
2023-06-26T02:13:00.000Z,4.2,9
2023-06-26T02:14:00.000Z,6.4,7.4
2023-06-26T02:15:00.000Z,6,8.4
2023-06-26T02:16:00.000Z,5.4,4.2
2023-06-26T02:17:00.000Z,4.2,12.2
2023-06-26T02:18:00.000Z,5,5.6
2023-06-26T02:19:00.000Z,6,8.4
2023-06-26T02:20:00.000Z,4.8,5.6
2023-06-26T02:21:00.000Z,5.2,5.4
2023-06-26T02:22:00.000Z,5,6.8
2023-06-26T02:23:00.000Z,4.6,8.6
2023-06-26T02:24:00.000Z,4,9
2023-06-26T02:25:00.000Z,4,9
2023-06-26T02:26:00.000Z,4.4,6
2023-06-26T02:27:00.000Z,4.6,9.2
2023-06-26T02:28:00.000Z,4.6,11.4
2023-06-26T02:29:00.000Z,5.4,6.4
2023-06-26T02:30:00.000Z,4.4,8
2023-06-26T02:31:00.000Z,5.8,7.6
2023-06-26T02:32:00.000Z,4,7.8
2023-06-26T02:33:00.000Z,3.6,8.6
2023-06-26T02:34:00.000Z,5.8,10.2
2023-06-26T02:35:00.000Z,5.2,10
2023-06-26T02:36:00.000Z,6.2,7.2
2023-06-26T02:37:00.000Z,7.6,9.4
2023-06-26T02:38:00.000Z,7.4,7
2023-06-26T02:39:00.000Z,7.8,9.4
2023-06-26T02:40:00.000Z,7.2,7.2
2023-06-26T02:41:00.000Z,6.2,10.2
2023-06-26T02:42:00.000Z,5.6,12
2023-06-26T02:43:00.000Z,6.4,13.8
2023-06-26T02:44:00.000Z,5.6,7.8
2023-06-26T02:45:00.000Z,6.8,7.8
2023-06-26T02:46:00.000Z,5.2,11.2
2023-06-26T02:47:00.000Z,9.6,7.6
2023-06-26T02:48:00.000Z,6.2,9.8
2023-06-26T02:49:00.000Z,6.8,9
2023-06-26T02:50:00.000Z,7.8,11.8
2023-06-26T02:51:00.000Z,6.6,10
2023-06-26T02:52:00.000Z,8,10.6
2023-06-26T02:53:00.000Z,7.8,12.4
2023-06-26T02:54:00.000Z,9,10.2
2023-06-26T02:55:00.000Z,7.2,10.6
2023-06-26T02:56:00.000Z,8.6,10.6
2023-06-26T02:57:00.000Z,8.4,8.8
2023-06-26T02:58:00.000Z,7.4,10.8
2023-06-26T02:59:00.000Z,7.2,9
2023-06-26T03:00:00.000Z,8.8,8.8
2023-06-26T03:01:00.000Z,7.6,9.4
2023-06-26T03:02:00.000Z,7.4,10.8
2023-06-26T03:03:00.000Z,8.8,11.6
2023-06-26T03:04:00.000Z,8,11.4
2023-06-26T03:05:00.000Z,9.2,16.200001
2023-06-26T03:06:00.000Z,11.2,17.6
2023-06-26T03:07:00.000Z,10.6,11.4
2023-06-26T03:08:00.000Z,12.8,16.6
2023-06-26T03:09:00.000Z,11.8,10
2023-06-26T03:10:00.000Z,13.4,18.6
2023-06-26T03:11:00.000Z,13.4,15.6
2023-06-26T03:12:00.000Z,19,17.4
2023-06-26T03:13:00.000Z,12.4,16.200001
2023-06-26T03:14:00.000Z,18.6,20.6
2023-06-26T03:15:00.000Z,16,13
2023-06-26T03:16:00.000Z,21,27.4
2023-06-26T03:17:00.000Z,18.4,20.4
2023-06-26T03:18:00.000Z,21.4,28.6
2023-06-26T03:19:00.000Z,29.799999,25.6
2023-06-26T03:20:00.000Z,23.6,23.6
2023-06-26T03:21:00.000Z,22.200001,24.6
2023-06-26T03:22:00.000Z,23.200001,28.200001
2023-06-26T03:23:00.000Z,22.799999,29.200001
2023-06-26T03:24:00.000Z,24.4,22.4
2023-06-26T03:25:00.000Z,18.799999,24.799999
2023-06-26T03:26:00.000Z,20.4,18.799999
2023-06-26T03:27:00.000Z,21,19.4
2023-06-26T03:28:00.000Z,15.2,20.799999
2023-06-26T03:29:00.000Z,18.799999,20.200001
2023-06-26T03:30:00.000Z,18.799999,20.6
2023-06-26T03:31:00.000Z,20,27.200001
2023-06-26T03:32:00.000Z,16.799999,20.4
2023-06-26T03:33:00.000Z,17,24.799999
2023-06-26T03:34:00.000Z,21.6,23.799999
2023-06-26T03:35:00.000Z,16.4,18.799999
2023-06-26T03:36:00.000Z,18.200001,21.200001
2023-06-26T03:37:00.000Z,18.799999,21.200001
2023-06-26T03:38:00.000Z,17.799999,19.4
2023-06-26T03:39:00.000Z,17.799999,21
2023-06-26T03:40:00.000Z,18.6,27
2023-06-26T03:41:00.000Z,24.200001,22.4
2023-06-26T03:42:00.000Z,17.4,20.4
2023-06-26T03:43:00.000Z,17.799999,20.799999
2023-06-26T03:44:00.000Z,18.4,19.6
2023-06-26T03:45:00.000Z,18.799999,18.6
2023-06-26T03:46:00.000Z,16.200001,18.200001
2023-06-26T03:47:00.000Z,18.799999,18
2023-06-26T03:48:00.000Z,19.799999,21.6
2023-06-26T03:49:00.000Z,14.6,19.4
2023-06-26T03:50:00.000Z,14.8,17.6
2023-06-26T03:51:00.000Z,19,13.4
2023-06-26T03:52:00.000Z,12.8,19.6
2023-06-26T03:53:00.000Z,13.6,16
2023-06-26T03:54:00.000Z,15,17.200001
2023-06-26T03:55:00.000Z,13.2,17
2023-06-26T03:56:00.000Z,11.6,15.2
2023-06-26T03:57:00.000Z,8.6,8.6
2023-06-26T03:58:00.000Z,9.8,7.4
2023-06-26T03:59:00.000Z,9.2,14
2023-06-26T04:00:00.000Z,8.4,8
2023-06-26T04:01:00.000Z,7,14.8
2023-06-26T04:02:00.000Z,8.6,8.6
2023-06-26T04:03:00.000Z,8.8,9.4
2023-06-26T04:04:00.000Z,8,11
2023-06-26T04:05:00.000Z,8.8,12.6
2023-06-26T04:06:00.000Z,8.6,10.2
2023-06-26T04:07:00.000Z,8,9.2
2023-06-26T04:08:00.000Z,8,12.4
2023-06-26T04:09:00.000Z,5.6,8.4
2023-06-26T04:10:00.000Z,6.8,8.2
2023-06-26T04:11:00.000Z,8.4,11
2023-06-26T04:12:00.000Z,8,11.8
2023-06-26T04:13:00.000Z,6.4,7.2
2023-06-26T04:14:00.000Z,6.4,7.8
2023-06-26T04:15:00.000Z,8.2,10.4
2023-06-26T04:16:00.000Z,6.2,7.4
2023-06-26T04:17:00.000Z,5.8,6.2
2023-06-26T04:18:00.000Z,7,11.8
2023-06-26T04:19:00.000Z,5.6,11.4
2023-06-26T04:20:00.000Z,6.2,8
2023-06-26T04:21:00.000Z,7.2,11.8
2023-06-26T04:22:00.000Z,7.2,12
2023-06-26T04:23:00.000Z,6.6,10.4
2023-06-26T04:24:00.000Z,4.6,8.4
2023-06-26T04:25:00.000Z,6.8,12
2023-06-26T04:26:00.000Z,3.4,7.2
2023-06-26T04:27:00.000Z,7,7.6
2023-06-26T04:28:00.000Z,6.8,10.2
2023-06-26T04:29:00.000Z,6.8,10.8
2023-06-26T04:30:00.000Z,5.2,10.6
2023-06-26T04:31:00.000Z,7.2,10.8
2023-06-26T04:32:00.000Z,6.8,10.4
2023-06-26T04:33:00.000Z,6.6,9.6
2023-06-26T04:34:00.000Z,8.2,8.8
2023-06-26T04:35:00.000Z,5.8,8.2
2023-06-26T04:36:00.000Z,5.8,9.2
2023-06-26T04:37:00.000Z,7.6,10
2023-06-26T04:38:00.000Z,6.4,8
2023-06-26T04:39:00.000Z,7.2,9.4
2023-06-26T04:40:00.000Z,11,6.8
2023-06-26T04:41:00.000Z,6.8,9.4
2023-06-26T04:42:00.000Z,4.6,6.2
2023-06-26T04:43:00.000Z,6.4,8.8
2023-06-26T04:44:00.000Z,5.4,7.6
2023-06-26T04:45:00.000Z,9.2,11.2
2023-06-26T04:46:00.000Z,9.2,6.8
2023-06-26T04:47:00.000Z,7.2,9.4
2023-06-26T04:48:00.000Z,11.6,17.4
2023-06-26T04:49:00.000Z,13.8,19.200001
2023-06-26T04:50:00.000Z,13.6,14.6
2023-06-26T04:51:00.000Z,12.4,18.4
2023-06-26T04:52:00.000Z,16.6,17.799999
2023-06-26T04:53:00.000Z,16.799999,20.200001
2023-06-26T04:54:00.000Z,18.200001,21.200001
2023-06-26T04:55:00.000Z,19.200001,19.4
2023-06-26T04:56:00.000Z,18.799999,23.799999
2023-06-26T04:57:00.000Z,18,22.4
2023-06-26T04:58:00.000Z,21.200001,19.6
2023-06-26T04:59:00.000Z,20.6,22.4
2023-06-26T05:00:00.000Z,19.6,16.799999
2023-06-26T05:01:00.000Z,20.6,22.4
2023-06-26T05:02:00.000Z,23.4,20.6
2023-06-26T05:03:00.000Z,18.4,21.4
2023-06-26T05:04:00.000Z,20.200001,17.6
2023-06-26T05:05:00.000Z,18.200001,21.4
2023-06-26T05:06:00.000Z,16.799999,16.6
2023-06-26T05:07:00.000Z,18.200001,22.200001
2023-06-26T05:08:00.000Z,16.4,21.799999
2023-06-26T05:09:00.000Z,16.4,18.200001
2023-06-26T05:10:00.000Z,12.8,13.8
2023-06-26T05:11:00.000Z,15.4,20.799999
2023-06-26T05:12:00.000Z,14.8,18
2023-06-26T05:13:00.000Z,13.6,13.2
2023-06-26T05:14:00.000Z,17,12.6
2023-06-26T05:15:00.000Z,13.8,13.2
2023-06-26T05:16:00.000Z,14.2,16.4
2023-06-26T05:17:00.000Z,13.6,12.6
2023-06-26T05:18:00.000Z,12.6,17.4
2023-06-26T05:19:00.000Z,16.200001,15
2023-06-26T05:20:00.000Z,11,13.4
2023-06-26T05:21:00.000Z,15.8,15.6
2023-06-26T05:22:00.000Z,13.6,16
2023-06-26T05:23:00.000Z,12,16.200001
2023-06-26T05:24:00.000Z,15,13.4
2023-06-26T05:25:00.000Z,14.4,15
2023-06-26T05:26:00.000Z,15.8,15.8
2023-06-26T05:27:00.000Z,17.4,15
2023-06-26T05:28:00.000Z,19.200001,19.200001
2023-06-26T05:29:00.000Z,18.6,19.200001
2023-06-26T05:30:00.000Z,22.799999,23.799999
2023-06-26T05:31:00.000Z,20.200001,16.4
2023-06-26T05:32:00.000Z,18.6,24.6
2023-06-26T05:33:00.000Z,14.2,17.4
2023-06-26T05:34:00.000Z,14.6,17.6
2023-06-26T05:35:00.000Z,13,15
2023-06-26T05:36:00.000Z,13.4,14.6
2023-06-26T05:37:00.000Z,17.799999,16.4
2023-06-26T05:38:00.000Z,13.8,14.8
2023-06-26T05:39:00.000Z,16.200001,21
2023-06-26T05:40:00.000Z,20.6,20.6
2023-06-26T05:41:00.000Z,22.4,20
2023-06-26T05:42:00.000Z,15.6,23.6
2023-06-26T05:43:00.000Z,18.799999,18.799999
2023-06-26T05:44:00.000Z,19,15.8
2023-06-26T05:45:00.000Z,21.799999,20.6
2023-06-26T05:46:00.000Z,24.4,21.6
2023-06-26T05:47:00.000Z,17.4,20
2023-06-26T05:48:00.000Z,17.6,21.4
2023-06-26T05:49:00.000Z,17,21.6
2023-06-26T05:50:00.000Z,24.4,20.200001
2023-06-26T05:51:00.000Z,15.8,16.799999
2023-06-26T05:52:00.000Z,17.200001,21.6
2023-06-26T05:53:00.000Z,18.200001,16.6
2023-06-26T05:54:00.000Z,16.6,20.6
2023-06-26T05:55:00.000Z,15.2,21.6
2023-06-26T05:56:00.000Z,19.799999,19.799999
2023-06-26T05:57:00.000Z,20.200001,19
2023-06-26T05:58:00.000Z,60,50.400002
2023-06-26T05:59:00.000Z,53.599998,46.200001
2023-06-26T06:00:00.000Z,55.799999,52.799999
2023-06-26T06:01:00.000Z,57,46.599998
2023-06-26T06:02:00.000Z,48,40.200001
2023-06-26T06:03:00.000Z,39.599998,47.400002
2023-06-26T06:04:00.000Z,43.400002,43
2023-06-26T06:05:00.000Z,34.799999,34.799999
2023-06-26T06:06:00.000Z,24.200001,32.599998
2023-06-26T06:07:00.000Z,32.200001,24
2023-06-26T06:08:00.000Z,29,35.400002
2023-06-26T06:09:00.000Z,31.200001,29.799999
2023-06-26T06:10:00.000Z,34.200001,37.200001
2023-06-26T06:11:00.000Z,34.200001,35.799999
2023-06-26T06:12:00.000Z,33.200001,28.4
2023-06-26T06:13:00.000Z,29.799999,24.200001
2023-06-26T06:14:00.000Z,24.4,21
2023-06-26T06:15:00.000Z,17.799999,20.6
2023-06-26T06:16:00.000Z,16.799999,19
2023-06-26T06:17:00.000Z,16.799999,23.4
2023-06-26T06:18:00.000Z,17.799999,21
2023-06-26T06:19:00.000Z,17.4,20
2023-06-26T06:20:00.000Z,16,17.200001
2023-06-26T06:21:00.000Z,17,16.200001
2023-06-26T06:22:00.000Z,15.4,17.799999
2023-06-26T06:23:00.000Z,16.799999,16.799999
2023-06-26T06:24:00.000Z,19.200001,21.799999
2023-06-26T06:25:00.000Z,13.4,16.799999
2023-06-26T06:26:00.000Z,14.6,13.4
2023-06-26T06:27:00.000Z,11.8,14.2
2023-06-26T06:28:00.000Z,13.6,13.4
2023-06-26T06:29:00.000Z,13.4,17
2023-06-26T06:30:00.000Z,13.6,15.8
2023-06-26T06:31:00.000Z,11.2,14.2
2023-06-26T06:32:00.000Z,12.6,17.200001
2023-06-26T06:33:00.000Z,16.200001,13
2023-06-26T06:34:00.000Z,16.6,12.6
2023-06-26T06:35:00.000Z,11.4,13.2
2023-06-26T06:36:00.000Z,10.6,15.2
2023-06-26T06:37:00.000Z,10,14.8
2023-06-26T06:38:00.000Z,10.2,10.6
2023-06-26T06:39:00.000Z,8.4,11.6
2023-06-26T06:40:00.000Z,8.4,10
2023-06-26T06:41:00.000Z,9.6,12.4
2023-06-26T06:42:00.000Z,8.2,11.4
2023-06-26T06:43:00.000Z,8.8,9.4
2023-06-26T06:44:00.000Z,8.6,12.8
2023-06-26T06:45:00.000Z,8.6,12.4
2023-06-26T06:46:00.000Z,9.8,7.8
2023-06-26T06:47:00.000Z,7,11.6
2023-06-26T06:48:00.000Z,8.6,9.4
2023-06-26T06:49:00.000Z,7.8,12.8
2023-06-26T06:50:00.000Z,8.8,7.8
2023-06-26T06:51:00.000Z,7.4,12.2
2023-06-26T06:52:00.000Z,6.2,12.6
2023-06-26T06:53:00.000Z,9,12
2023-06-26T06:54:00.000Z,7,9.2
2023-06-26T06:55:00.000Z,7.8,10.2
2023-06-26T06:56:00.000Z,8.2,9.6
2023-06-26T06:57:00.000Z,7.4,9.8
2023-06-26T06:58:00.000Z,8.2,7.8
2023-06-26T06:59:00.000Z,7.6,11
2023-06-26T07:00:00.000Z,9.6,9.8
2023-06-26T07:01:00.000Z,9.2,12.2
2023-06-26T07:02:00.000Z,8.8,10.2
2023-06-26T07:03:00.000Z,9.6,11.2
2023-06-26T07:04:00.000Z,9.4,16
2023-06-26T07:05:00.000Z,10.4,9.8
2023-06-26T07:06:00.000Z,27.6,27
2023-06-26T07:07:00.000Z,27.799999,22.6
2023-06-26T07:08:00.000Z,24,22
2023-06-26T07:09:00.000Z,17.6,17.799999
2023-06-26T07:10:00.000Z,26.799999,22.4
2023-06-26T07:11:00.000Z,23,22
2023-06-26T07:12:00.000Z,27.6,27.799999
2023-06-26T07:13:00.000Z,36,29.4
2023-06-26T07:14:00.000Z,53.400002,47
2023-06-26T07:15:00.000Z,42.799999,44.599998
2023-06-26T07:16:00.000Z,40.400002,36.200001
2023-06-26T07:17:00.000Z,44.799999,45.599998
2023-06-26T07:18:00.000Z,36,39
2023-06-26T07:19:00.000Z,36.200001,34.599998
2023-06-26T07:20:00.000Z,30.200001,30.200001
2023-06-26T07:21:00.000Z,32.799999,32.400002
2023-06-26T07:22:00.000Z,28.6,31.200001
2023-06-26T07:23:00.000Z,29.200001,32
2023-06-26T07:24:00.000Z,31.200001,28.4
2023-06-26T07:25:00.000Z,30.6,28
2023-06-26T07:26:00.000Z,27,26.6
2023-06-26T07:27:00.000Z,24,24.4
2023-06-26T07:28:00.000Z,25.200001,25.4
2023-06-26T07:29:00.000Z,15.8,19.799999
2023-06-26T07:30:00.000Z,16.4,19.799999
2023-06-26T07:31:00.000Z,10.6,12.2
2023-06-26T07:32:00.000Z,10.8,12.8
2023-06-26T07:33:00.000Z,10.6,13.2
2023-06-26T07:34:00.000Z,10.2,16
2023-06-26T07:35:00.000Z,12.4,15
2023-06-26T07:37:00.000Z,10.8,11.4
2023-06-26T07:38:00.000Z,11.2,13.8
2023-06-26T07:39:00.000Z,13.8,14
2023-06-26T07:40:00.000Z,12.4,11.4
2023-06-26T07:41:00.000Z,11.2,14.2
2023-06-26T07:42:00.000Z,9.8,16.799999
2023-06-26T07:43:00.000Z,12.4,16.799999
2023-06-26T07:44:00.000Z,11,9
2023-06-26T07:45:00.000Z,10.2,13.8
2023-06-26T07:46:00.000Z,9.8,14.2
2023-06-26T07:47:00.000Z,10.2,15.8
2023-06-26T07:48:00.000Z,9,16
2023-06-26T07:49:00.000Z,10.6,13.2
2023-06-26T07:50:00.000Z,8.6,10.2
2023-06-26T07:51:00.000Z,12.6,7.8
2023-06-26T07:52:00.000Z,8.2,12.4
2023-06-26T07:53:00.000Z,12.8,11
2023-06-26T07:54:00.000Z,8,11.2
2023-06-26T07:55:00.000Z,9.2,13.2
2023-06-26T07:56:00.000Z,7.8,12.2
2023-06-26T07:57:00.000Z,11.8,14
2023-06-26T07:58:00.000Z,12,13.8
2023-06-26T07:59:00.000Z,9.8,9.4
2023-06-26T08:00:00.000Z,9.2,11
2023-06-26T08:01:00.000Z,8.4,12.8
2023-06-26T08:02:00.000Z,9,12.4
2023-06-26T08:03:00.000Z,8.4,11
2023-06-26T08:04:00.000Z,6.4,13.2
2023-06-26T08:05:00.000Z,8,11.8
2023-06-26T08:06:00.000Z,9.2,9.4
2023-06-26T08:07:00.000Z,7,8.6
2023-06-26T08:08:00.000Z,7.8,10.8
2023-06-26T08:09:00.000Z,5.2,8.6
2023-06-26T08:10:00.000Z,6.4,11
2023-06-26T08:11:00.000Z,7.4,8.6
2023-06-26T08:12:00.000Z,7.2,8.6
2023-06-26T08:13:00.000Z,7.6,11.8
2023-06-26T08:14:00.000Z,8.4,7.6
2023-06-26T08:15:00.000Z,7.8,13.4
2023-06-26T08:16:00.000Z,7,10.4
2023-06-26T08:17:00.000Z,6.4,11.2
2023-06-26T08:18:00.000Z,7.2,11.4
2023-06-26T08:19:00.000Z,7.2,9.4
2023-06-26T08:20:00.000Z,7,12
2023-06-26T08:21:00.000Z,7.4,11.8
2023-06-26T08:22:00.000Z,8,12.8
2023-06-26T08:23:00.000Z,6.2,9.6
2023-06-26T08:24:00.000Z,9.8,12.2
2023-06-26T08:25:00.000Z,8.6,10.2
2023-06-26T08:26:00.000Z,7.6,13.2
2023-06-26T08:27:00.000Z,8,10.2
2023-06-26T08:28:00.000Z,6.4,11.2
2023-06-26T08:29:00.000Z,8,11.2
2023-06-26T08:30:00.000Z,7.6,8.6
2023-06-26T08:31:00.000Z,5.8,10.4
2023-06-26T08:32:00.000Z,5.6,7.4
2023-06-26T08:33:00.000Z,7.6,10
2023-06-26T08:34:00.000Z,6.2,8
2023-06-26T08:35:00.000Z,7,9.4
2023-06-26T08:36:00.000Z,6.2,9.8
2023-06-26T08:37:00.000Z,6.8,8.2
2023-06-26T08:38:00.000Z,5.2,7.2
2023-06-26T08:39:00.000Z,4,9
2023-06-26T08:40:00.000Z,8.4,10.6
2023-06-26T08:41:00.000Z,11.2,14.2
2023-06-26T08:42:00.000Z,14.8,11
2023-06-26T08:43:00.000Z,7.6,14.8
2023-06-26T08:44:00.000Z,9.4,10.4
2023-06-26T08:45:00.000Z,8.6,12.8
2023-06-26T08:46:00.000Z,8,14.4
2023-06-26T08:47:00.000Z,9.2,13.2
2023-06-26T08:48:00.000Z,11.8,13
2023-06-26T08:49:00.000Z,9.4,13
2023-06-26T08:50:00.000Z,8.6,10.6
2023-06-26T08:51:00.000Z,8.8,13.6
2023-06-26T08:52:00.000Z,9.2,13.4
2023-06-26T08:53:00.000Z,8.8,14.2
2023-06-26T08:54:00.000Z,8.2,11.8
2023-06-26T08:55:00.000Z,9.8,9.2
2023-06-26T08:56:00.000Z,9.8,11
2023-06-26T08:57:00.000Z,8.6,11
2023-06-26T08:58:00.000Z,8.2,10.2
2023-06-26T08:59:00.000Z,10,13.6
2023-06-26T09:00:00.000Z,8.6,7.2
2023-06-26T09:01:00.000Z,9,9.8
2023-06-26T09:02:00.000Z,10.6,9
2023-06-26T09:03:00.000Z,9,10.6
2023-06-26T09:04:00.000Z,8.2,10.6
2023-06-26T09:05:00.000Z,10.8,10.4
2023-06-26T09:06:00.000Z,11.4,13.8
2023-06-26T09:07:00.000Z,10.2,12
2023-06-26T09:08:00.000Z,15.4,15.2
2023-06-26T09:09:00.000Z,14,15.4
2023-06-26T09:10:00.000Z,18,18.4
2023-06-26T09:11:00.000Z,17,17
2023-06-26T09:12:00.000Z,18.200001,18.200001
2023-06-26T09:13:00.000Z,25.4,21.6
2023-06-26T09:14:00.000Z,18,20.200001
2023-06-26T09:15:00.000Z,20.4,17.200001
2023-06-26T09:16:00.000Z,18.200001,19.799999
2023-06-26T09:17:00.000Z,18.799999,21
2023-06-26T09:18:00.000Z,21.799999,22
2023-06-26T09:19:00.000Z,24.200001,23.799999
2023-06-26T09:20:00.000Z,24.6,26.4
2023-06-26T09:21:00.000Z,24.200001,22.799999
2023-06-26T09:22:00.000Z,20.799999,24.6
2023-06-26T09:23:00.000Z,25.200001,24.6
2023-06-26T09:24:00.000Z,30,29.6
2023-06-26T09:25:00.000Z,26.4,27.6
2023-06-26T09:26:00.000Z,26.799999,28.799999
2023-06-26T09:27:00.000Z,28.799999,30.200001
2023-06-26T09:28:00.000Z,27,31.200001
2023-06-26T09:29:00.000Z,27.4,29.200001
2023-06-26T09:30:00.000Z,26.200001,28.200001
2023-06-26T09:31:00.000Z,23.200001,27
2023-06-26T09:32:00.000Z,25.6,29.799999
2023-06-26T09:33:00.000Z,25.6,22.799999
2023-06-26T09:34:00.000Z,26.799999,24.4
2023-06-26T09:35:00.000Z,24.799999,27
2023-06-26T09:36:00.000Z,25,23
2023-06-26T09:37:00.000Z,24.4,27.6
2023-06-26T09:38:00.000Z,25.6,24.200001
2023-06-26T09:39:00.000Z,23,25.6
2023-06-26T09:40:00.000Z,23.4,28.4
2023-06-26T09:41:00.000Z,27.799999,26.4
2023-06-26T09:42:00.000Z,22.200001,27.4
2023-06-26T09:43:00.000Z,26,30
2023-06-26T09:44:00.000Z,26.200001,23.4
2023-06-26T09:45:00.000Z,22.4,18.6
2023-06-26T09:46:00.000Z,27.799999,29
2023-06-26T09:47:00.000Z,18.200001,21.799999
2023-06-26T09:48:00.000Z,18.799999,18.6
2023-06-26T09:49:00.000Z,16.4,19.799999
2023-06-26T09:50:00.000Z,14.8,18.799999
2023-06-26T09:51:00.000Z,17.799999,19
2023-06-26T09:52:00.000Z,16,16
2023-06-26T09:53:00.000Z,17.6,19.6
2023-06-26T09:54:00.000Z,14.4,17.200001
2023-06-26T09:55:00.000Z,15,17.4
2023-06-26T09:56:00.000Z,13.8,15.2
2023-06-26T09:57:00.000Z,15,17
2023-06-26T09:58:00.000Z,17.4,15.399999
2023-06-26T09:59:00.000Z,12.8,14.6
2023-06-26T10:00:00.000Z,15.2,19.4
2023-06-26T10:01:00.000Z,12.8,17.200001
2023-06-26T10:02:00.000Z,14.6,14.6
2023-06-26T10:03:00.000Z,15,12.4
2023-06-26T10:04:00.000Z,16.4,15.2
2023-06-26T10:05:00.000Z,13,18
2023-06-26T10:06:00.000Z,13.8,18.4
2023-06-26T10:07:00.000Z,14.4,17.4
2023-06-26T10:08:00.000Z,15,19.200001
2023-06-26T10:09:00.000Z,16.200001,18.799999
2023-06-26T10:10:00.000Z,17.799999,14.2
2023-06-26T10:11:00.000Z,17.4,21.200001
2023-06-26T10:12:00.000Z,21.200001,20.799999
2023-06-26T10:13:00.000Z,21.799999,16.200001
2023-06-26T10:14:00.000Z,23.799999,21.4
2023-06-26T10:15:00.000Z,19.6,20.200001
2023-06-26T10:16:00.000Z,17.4,16.4
2023-06-26T10:17:00.000Z,16,19
2023-06-26T10:18:00.000Z,16,18.4
2023-06-26T10:19:00.000Z,18.4,12.6
2023-06-26T10:20:00.000Z,11.8,9
2023-06-26T10:21:00.000Z,7.2,13.8
2023-06-26T10:22:00.000Z,12,12.8
2023-06-26T10:23:00.000Z,8,14.6
2023-06-26T10:24:00.000Z,5.4,8.4
2023-06-26T10:25:00.000Z,6.8,5.6
2023-06-26T10:26:00.000Z,4.8,9.4
2023-06-26T10:27:00.000Z,6,8.4
2023-06-26T10:28:00.000Z,6.2,8.6
2023-06-26T10:29:00.000Z,4.2,7.4
2023-06-26T10:30:00.000Z,4.6,7.2
2023-06-26T10:31:00.000Z,3.6,6.2
2023-06-26T10:32:00.000Z,4.6,6
2023-06-26T10:33:00.000Z,3.6,8
2023-06-26T10:34:00.000Z,5,9.6
2023-06-26T10:35:00.000Z,5.4,8.4
2023-06-26T10:36:00.000Z,3.4,7.6
2023-06-26T10:37:00.000Z,4,6.2
2023-06-26T10:38:00.000Z,4.6,6.4
2023-06-26T10:39:00.000Z,4,4
2023-06-26T10:40:00.000Z,3.2,8.4
2023-06-26T10:41:00.000Z,6.2,10
2023-06-26T10:42:00.000Z,4.8,5.4
2023-06-26T10:43:00.000Z,4.6,7.8
2023-06-26T10:44:00.000Z,3.8,8
2023-06-26T10:45:00.000Z,4.4,7.6
2023-06-26T10:46:00.000Z,4.8,7.4
2023-06-26T10:47:00.000Z,5.4,8.4
2023-06-26T10:48:00.000Z,3.8,5.6
2023-06-26T10:49:00.000Z,3,6.4
2023-06-26T10:50:00.000Z,4.8,6.4
2023-06-26T10:51:00.000Z,4.8,7.4
2023-06-26T10:52:00.000Z,4.4,6.8
2023-06-26T10:53:00.000Z,5.6,8.2
2023-06-26T10:54:00.000Z,4,7
2023-06-26T10:55:00.000Z,6.8,11.4
2023-06-26T10:56:00.000Z,4.6,8.8
2023-06-26T10:57:00.000Z,6.8,11.2
2023-06-26T10:58:00.000Z,7.6,7
2023-06-26T10:59:00.000Z,6,5.2
2023-06-26T11:00:00.000Z,6.2,10.8
2023-06-26T11:01:00.000Z,5,10.4
2023-06-26T11:02:00.000Z,8.6,7.2
2023-06-26T11:03:00.000Z,6.6,12.2
2023-06-26T11:04:00.000Z,7.2,11
2023-06-26T11:05:00.000Z,9.6,10.8
2023-06-26T11:06:00.000Z,14,8.4
2023-06-26T11:07:00.000Z,14.2,14.2
2023-06-26T11:08:00.000Z,9.2,9
2023-06-26T11:09:00.000Z,14.2,17.4
2023-06-26T11:10:00.000Z,9.2,14.6
2023-06-26T11:11:00.000Z,10.6,17.799999
2023-06-26T11:12:00.000Z,10.4,11.4
2023-06-26T11:13:00.000Z,13.2,19
2023-06-26T11:14:00.000Z,16.200001,20.200001
2023-06-26T11:15:00.000Z,17,18.4
2023-06-26T11:16:00.000Z,13.6,15.2
2023-06-26T11:17:00.000Z,12,16.799999
2023-06-26T11:18:00.000Z,14.8,18.200001
2023-06-26T11:19:00.000Z,20.799999,20.799999
2023-06-26T11:20:00.000Z,20,18.6
2023-06-26T11:21:00.000Z,14.8,20.799999
2023-06-26T11:22:00.000Z,17.6,20.200001
2023-06-26T11:23:00.000Z,17.4,13
2023-06-26T11:24:00.000Z,12,15.6
2023-06-26T11:25:00.000Z,13,12.6
2023-06-26T11:26:00.000Z,7.8,12.2
2023-06-26T11:27:00.000Z,10.6,16.4
2023-06-26T11:28:00.000Z,11,11.4
2023-06-26T11:29:00.000Z,12,19.200001
2023-06-26T11:30:00.000Z,10.4,14.2
2023-06-26T11:31:00.000Z,12.2,14.6
2023-06-26T11:32:00.000Z,10.4,17
2023-06-26T11:33:00.000Z,13,16
2023-06-26T11:34:00.000Z,12.2,9.2
2023-06-26T11:35:00.000Z,14.8,15.6
2023-06-26T11:36:00.000Z,23,20.6
2023-06-26T11:37:00.000Z,13,20.200001
2023-06-26T11:38:00.000Z,13.6,16
2023-06-26T11:39:00.000Z,12.8,19.799999
2023-06-26T11:40:00.000Z,14.6,15.2
2023-06-26T11:41:00.000Z,13.4,17
2023-06-26T11:42:00.000Z,15,21.799999
2023-06-26T11:43:00.000Z,15.8,20.200001
2023-06-26T11:44:00.000Z,19.6,22.4
2023-06-26T11:45:00.000Z,24.4,26
2023-06-26T11:46:00.000Z,19,20.4
2023-06-26T11:47:00.000Z,21.6,23.799999
2023-06-26T11:48:00.000Z,21.6,20.6
2023-06-26T11:49:00.000Z,35.799999,34.400002
2023-06-26T11:50:00.000Z,26,30.200001
2023-06-26T11:51:00.000Z,33.799999,35
2023-06-26T11:52:00.000Z,33,34
2023-06-26T11:53:00.000Z,30,28.4
2023-06-26T11:54:00.000Z,30.799999,32.400002
2023-06-26T11:55:00.000Z,35.200001,33.400002
2023-06-26T11:56:00.000Z,35.400002,34.799999
2023-06-26T11:57:00.000Z,35.200001,38.200001
2023-06-26T11:58:00.000Z,37.400002,36.400002
2023-06-26T11:59:00.000Z,36.400002,35.400002
2023-06-26T12:00:00.000Z,35.200001,37
2023-06-26T12:01:00.000Z,37.599998,39.400002
2023-06-26T12:02:00.000Z,38,36.200001
2023-06-26T12:03:00.000Z,36.599998,35
2023-06-26T12:04:00.000Z,39.599998,37
2023-06-26T12:05:00.000Z,36.599998,31.6
2023-06-26T12:06:00.000Z,38.200001,38
2023-06-26T12:07:00.000Z,36.400002,37.200001
2023-06-26T12:08:00.000Z,34,35
2023-06-26T12:09:00.000Z,31.6,27.200001
2023-06-26T12:10:00.000Z,29.4,30.799999
2023-06-26T12:11:00.000Z,28.6,32
2023-06-26T12:12:00.000Z,29.6,34
2023-06-26T12:13:00.000Z,27.799999,31.200001
2023-06-26T12:14:00.000Z,27.200001,29
2023-06-26T12:15:00.000Z,27.4,30
2023-06-26T12:16:00.000Z,30,31.6
2023-06-26T12:17:00.000Z,30.4,31
2023-06-26T12:18:00.000Z,27.4,29.6
2023-06-26T12:19:00.000Z,23.200001,28.4
2023-06-26T12:20:00.000Z,30.6,29.200001
2023-06-26T12:21:00.000Z,26,24.4
2023-06-26T12:22:00.000Z,27,26.799999
2023-06-26T12:23:00.000Z,25.4,19.4
2023-06-26T12:24:00.000Z,22,23.4
2023-06-26T12:25:00.000Z,26.6,22.4
2023-06-26T12:26:00.000Z,24.4,23.4
2023-06-26T12:27:00.000Z,15.6,19.4
2023-06-26T12:28:00.000Z,12.2,16.200001
2023-06-26T12:29:00.000Z,18.799999,20
2023-06-26T12:30:00.000Z,22.200001,24
2023-06-26T12:31:00.000Z,17.4,16.6
2023-06-26T12:32:00.000Z,18,23.4
2023-06-26T12:33:00.000Z,19.799999,25
2023-06-26T12:34:00.000Z,22.4,26.799999
2023-06-26T12:35:00.000Z,27.6,26.6
2023-06-26T12:36:00.000Z,33,28.6
2023-06-26T12:37:00.000Z,31,28.4
2023-06-26T12:38:00.000Z,25.200001,25
2023-06-26T12:39:00.000Z,23.799999,24
2023-06-26T12:40:00.000Z,25.6,29.799999
2023-06-26T12:41:00.000Z,26.200001,31
2023-06-26T12:42:00.000Z,29.200001,31.200001
2023-06-26T12:43:00.000Z,32,32
2023-06-26T12:44:00.000Z,33,32.400002
2023-06-26T12:45:00.000Z,33.599998,30
2023-06-26T12:46:00.000Z,36.599998,38.799999
2023-06-26T12:47:00.000Z,33.599998,33
2023-06-26T12:48:00.000Z,34,30.200001
2023-06-26T12:49:00.000Z,37.400002,28.6
2023-06-26T12:50:00.000Z,32,32.599998
2023-06-26T12:51:00.000Z,35.400002,35.599998
2023-06-26T12:52:00.000Z,32.799999,34.400002
2023-06-26T12:53:00.000Z,38.400002,37
2023-06-26T12:54:00.000Z,37.200001,33.200001
2023-06-26T12:55:00.000Z,37.599998,37
2023-06-26T12:56:00.000Z,39.200001,42
2023-06-26T12:57:00.000Z,39.400002,39.400002
2023-06-26T12:58:00.000Z,40.400002,34.799999
2023-06-26T12:59:00.000Z,39.200001,36.400002
2023-06-26T13:00:00.000Z,39.400002,35.599998
2023-06-26T13:01:00.000Z,41.400002,39.400002
2023-06-26T13:02:00.000Z,44,37
2023-06-26T13:03:00.000Z,38,39.400002
2023-06-26T13:04:00.000Z,41.799999,41
2023-06-26T13:05:00.000Z,40.799999,39.400002
2023-06-26T13:06:00.000Z,40.400002,39.599998
2023-06-26T13:07:00.000Z,40.799999,42.200001
2023-06-26T13:08:00.000Z,41.200001,39.599998
2023-06-26T13:09:00.000Z,39.400002,41.400002
2023-06-26T13:10:00.000Z,40.799999,39.400002
2023-06-26T13:11:00.000Z,43.200001,39.599998
2023-06-26T13:12:00.000Z,39.400002,42.599998
2023-06-26T13:13:00.000Z,40.200001,42.799999
2023-06-26T13:14:00.000Z,43.400002,39.799999
2023-06-26T13:15:00.000Z,40.400002,38.799999
2023-06-26T13:16:00.000Z,42.599998,38.599998
2023-06-26T13:17:00.000Z,41.200001,38.400002
2023-06-26T13:18:00.000Z,39.400002,34.200001
2023-06-26T13:19:00.000Z,31.4,33.799999
2023-06-26T13:20:00.000Z,32.200001,36.200001
2023-06-26T13:21:00.000Z,35,30.799999
2023-06-26T13:22:00.000Z,33,34.799999
2023-06-26T13:23:00.000Z,35.599998,34.799999
2023-06-26T13:24:00.000Z,36.400002,31.200001
2023-06-26T13:25:00.000Z,34.799999,35.599998
2023-06-26T13:26:00.000Z,32,34.599998
2023-06-26T13:27:00.000Z,33.200001,33.799999
2023-06-26T13:28:00.000Z,37.400002,32
2023-06-26T13:29:00.000Z,31.4,35.799999
2023-06-26T13:30:00.000Z,34.799999,32.200001
2023-06-26T13:31:00.000Z,32.200001,33
2023-06-26T13:32:00.000Z,35.200001,35.200001
2023-06-26T13:33:00.000Z,34.599998,35
2023-06-26T13:34:00.000Z,40.200001,42
2023-06-26T13:35:00.000Z,41.200001,38.400002
2023-06-26T13:36:00.000Z,39.400002,36.400002
2023-06-26T13:37:00.000Z,38.200001,36.599998
2023-06-26T13:38:00.000Z,39.599998,39.200001
2023-06-26T13:39:00.000Z,36.400002,40.400002
2023-06-26T13:40:00.000Z,42,40
2023-06-26T13:41:00.000Z,43,36.799999
2023-06-26T13:42:00.000Z,44.799999,45.599998
2023-06-26T13:43:00.000Z,45.799999,46
2023-06-26T13:44:00.000Z,45,43
2023-06-26T13:45:00.000Z,46,44.599998
2023-06-26T13:46:00.000Z,48.799999,43.400002
2023-06-26T13:47:00.000Z,48.599998,48.200001
2023-06-26T13:48:00.000Z,48.200001,47.599998
2023-06-26T13:49:00.000Z,52.400002,45.599998
2023-06-26T13:50:00.000Z,49.599998,47.400002
2023-06-26T13:51:00.000Z,47.200001,44.799999
2023-06-26T13:52:00.000Z,46,46
2023-06-26T13:53:00.000Z,48,47
2023-06-26T13:54:00.000Z,46.799999,48.799999
2023-06-26T13:55:00.000Z,46.799999,46.200001
2023-06-26T13:56:00.000Z,45.799999,42.400002
2023-06-26T13:57:00.000Z,47.599998,42.200001
2023-06-26T13:58:00.000Z,47,45.200001
2023-06-26T13:59:00.000Z,43.799999,42.599998
2023-06-26T14:00:00.000Z,44.599998,40
2023-06-26T14:01:00.000Z,46.200001,47.200001
2023-06-26T14:02:00.000Z,42.599998,46.400002
2023-06-26T14:03:00.000Z,46,44.799999
2023-06-26T14:04:00.000Z,45.799999,44.400002
2023-06-26T14:05:00.000Z,45.400002,47.400002
2023-06-26T14:06:00.000Z,44.599998,47.400002
2023-06-26T14:07:00.000Z,45.200001,43.599998
2023-06-26T14:08:00.000Z,47.200001,41.599998
2023-06-26T14:09:00.000Z,45.200001,42.599998
2023-06-26T14:10:00.000Z,45.200001,45.599998